[
  {
    "id": "1068794b-1e75-4398-9206-24eb6f790fe4",
    "data": [
      {
        "text": "Eje",
        "userDefined": false
      }
    ],
    "isTemplate": false,
    "count": 0,
    "lang": "es",
    "updated": 0
  },
  {
    "id": "586036c1-0933-4a03-8be2-5fcf3dfd80a3",
    "data": [
      {
        "text": "Axis",
        "userDefined": false
      }
    ],
    "isTemplate": false,
    "count": 0,
    "lang": "es",
    "updated": 0
  },
  {
    "id": "68077c98-dfa3-4ed2-b309-b7aaf0290471",
    "data": [
      {
        "text": "Alemanes",
        "userDefined": false
      }
    ],
    "isTemplate": false,
    "count": 0,
    "lang": "es",
    "updated": 0
  },
  {
    "id": "1bccd648-89d0-43d2-95b5-7f9f1041d434",
    "data": [
      {
        "text": "Nazis",
        "userDefined": false
      }
    ],
    "isTemplate": false,
    "count": 0,
    "lang": "es",
    "updated": 0
  },
  {
    "id": "52e1f3d2-c7bb-4d36-b592-343bc3fc3494",
    "data": [
      {
        "text": "Los nazis",
        "userDefined": false
      }
    ],
    "isTemplate": false,
    "count": 0,
    "lang": "es",
    "updated": 0
  }
]