[
  {
    "id": "7c4ea974-9314-4ffb-bc4e-12343f1a204d",
    "data": [
      {
        "text": "ole",
        "userDefined": false
      }
    ],
    "isTemplate": false,
    "count": 0,
    "lang": "es",
    "updated": 0
  },
  {
    "id": "77590dcc-1feb-4e00-88a7-e8fadfd9db2a",
    "data": [
      {
        "text": "oye",
        "userDefined": false
      }
    ],
    "isTemplate": false,
    "count": 0,
    "lang": "es",
    "updated": 0
  },
  {
    "id": "37c2494f-3e79-4d43-8178-008cfcb01188",
    "data": [
      {
        "text": "oe",
        "userDefined": false
      }
    ],
    "isTemplate": false,
    "count": 0,
    "lang": "es",
    "updated": 0
  },
  {
    "id": "fc6606dc-9196-42cb-ab5c-95a19de3bd61",
    "data": [
      {
        "text": "buen dia",
        "userDefined": false
      }
    ],
    "isTemplate": false,
    "count": 0,
    "lang": "es",
    "updated": 0
  },
  {
    "id": "d5101a81-24d1-48bd-9c11-2590b58a4b59",
    "data": [
      {
        "text": "hola",
        "userDefined": false
      }
    ],
    "isTemplate": false,
    "count": 0,
    "lang": "es",
    "updated": 0
  },
  {
    "id": "a4d72452-5268-4cfd-b45d-b5c2bc688cd2",
    "data": [
      {
        "text": "hey",
        "userDefined": false
      }
    ],
    "isTemplate": false,
    "count": 0,
    "lang": "es",
    "updated": 0
  },
  {
    "id": "73045dcf-9468-424c-9c91-1bed91860059",
    "data": [
      {
        "text": "saludos",
        "userDefined": false
      }
    ],
    "isTemplate": false,
    "count": 0,
    "lang": "es",
    "updated": 0
  },
  {
    "id": "14419019-c467-4992-8e4b-a10f7832cae6",
    "data": [
      {
        "text": "hey ho",
        "userDefined": false
      }
    ],
    "isTemplate": false,
    "count": 0,
    "lang": "es",
    "updated": 0
  },
  {
    "id": "559ca210-e507-44c1-9d73-d9ad90b74994",
    "data": [
      {
        "text": "chao",
        "userDefined": false
      }
    ],
    "isTemplate": false,
    "count": 0,
    "lang": "es",
    "updated": 0
  }
]