[
  {
    "id": "3b5bb751-04d3-4f3b-bbb5-bf272674669d",
    "data": [
      {
        "text": "El gobierno es",
        "meta": "@sys.location",
        "alias": "location",
        "userDefined": false
      },
      {
        "text": " inutil",
        "userDefined": false
      }
    ],
    "isTemplate": false,
    "count": 0,
    "lang": "es",
    "updated": 0
  },
  {
    "id": "b960fe19-88ea-444d-8509-99c47ad158d4",
    "data": [
      {
        "text": "El gobierno es",
        "meta": "@sys.location",
        "alias": "location",
        "userDefined": false
      },
      {
        "text": " corrupto",
        "userDefined": false
      }
    ],
    "isTemplate": false,
    "count": 0,
    "lang": "es",
    "updated": 0
  },
  {
    "id": "ab829f94-9140-4c1e-8953-6b6f02aa324a",
    "data": [
      {
        "text": "No confio en el gobierno",
        "userDefined": false
      }
    ],
    "isTemplate": false,
    "count": 0,
    "lang": "es",
    "updated": 0
  }
]