[
  {
    "id": "99d7c856-9c65-4089-8738-75532d9d7e91",
    "data": [
      {
        "text": "La iglesia",
        "meta": "@sys.location",
        "alias": "location",
        "userDefined": false
      },
      {
        "text": " se chupa los recursos del estado",
        "userDefined": false
      }
    ],
    "isTemplate": false,
    "count": 1,
    "lang": "es",
    "updated": 0
  },
  {
    "id": "edda3432-415f-4ed3-a4b5-d1a461b67462",
    "data": [
      {
        "text": "La gente ",
        "userDefined": false
      },
      {
        "text": "religiosa",
        "meta": "@sys.location",
        "alias": "location",
        "userDefined": false
      },
      {
        "text": " ",
        "userDefined": false
      },
      {
        "text": "es",
        "meta": "@sys.location",
        "alias": "location1",
        "userDefined": false
      },
      {
        "text": " fanatica",
        "userDefined": false
      }
    ],
    "isTemplate": false,
    "count": 0,
    "lang": "es",
    "updated": 0
  },
  {
    "id": "9b27f774-462f-4ce0-acc7-af1c074799eb",
    "data": [
      {
        "text": "La religion es el opio del pueblo",
        "userDefined": false
      }
    ],
    "isTemplate": false,
    "count": 0,
    "lang": "es",
    "updated": 0
  }
]